State,Institute,Course,Quota,Fee,Beds
Manipur,"JNIMS, Imphal",MBBS,AI,"₹ 5,000",643
Bihar,"AN Magadh, Gaya",MBBS,AI,"₹6,000*",Info Not Available
Bihar,"Nalanda Med Coll, Patna",MBBS,AI,"₹6,100*",750
West Bengal,"IPGMER, Kolkata",MBBS,AI,"₹ 6,500",2300
West Bengal,Malda Med Coll,MBBS,AI,"₹ 6,500",Info Not Available
West Bengal,"Prafulla CS Govt Med, Arambagh",MBBS,AI,"₹ 6,500",Info Not Available
Manipur,"RIMS, Imphal",MBBS,AI,"₹7,700*",1074
Jharkhand,"Shaheed Nirmal Mahto, Dhanbad",MBBS,AI,"₹8,500*",Info Not Available
Jharkhand,"Palamu Medical College, Palamu",MBBS,AI,"₹8,980*",Info Not Available
West Bengal,Bankura Sammilani Med Coll,MBBS,AI,"₹9,000*",1441
West Bengal,"Barasat Govt Med Coll, Barasat",MBBS,AI,"₹9,000*",Info Not Available
West Bengal,Burdwan Medical College,MBBS,AI,"₹9,000*",1099
West Bengal,Calcutta National Med Coll,MBBS,AI,"₹9,000*",1470
West Bengal,"College of Med & JNM, Kalyani",MBBS,AI,"₹ 9,000",450
West Bengal,"College of Med & SDH, Kolkata",MBBS,AI,"₹ 9,000",500
West Bengal,"Diamond Harbour Govt MC, WB",MBBS,AI,"₹ 9,000",Info Not Available
West Bengal,Jalpaiguri Govt Med Coll,MBBS,AI,"₹9,000*",Info Not Available
West Bengal,"MJN Med Coll, Coochbehar",MBBS,AI,"₹9,000*",Info Not Available
West Bengal,"Medical College, Kolkata",MBBS,AI,"₹9,000*",2668
West Bengal,Midnapore Medical College,MBBS,AI,"₹9,000*",1051
West Bengal,Murshidabad Med Coll,MBBS,AI,"₹9,000*",1208
West Bengal,Purulia Govt Med Coll,MBBS,AI,"₹9,000*",Info Not Available
West Bengal,"Govt Med Coll, Raiganj",MBBS,AI,"₹9,000*",Info Not Available
West Bengal,"Govt Med Coll, Rampurhat",MBBS,AI,"₹9,000*",Info Not Available
West Bengal,"RG Kar Med Coll, Kolkata",MBBS,AI,"₹9,000*",1663
West Bengal,"TamraliptoGovtMed,PurbaMedinpur",MBBS,AI,"₹9,000*",Info Not Available
West Bengal,"NBMC, Darjeeling",MBBS,AI,"₹9,170*",843
Jharkhand,"Hazaribagh Med Coll,Hazaribagh",MBBS,AI,"₹9,180*",Info Not Available
Bihar,"Patna Med Coll, Patna",MBBS,AI,"₹9,500*",1748
West Bengal,"Nilratan Sircar, Kolkata",MBBS,AI,"₹9,500*",1920
Bihar,"Sri Krishna, Muzzafarpur",MBBS,AI,"₹9,800*",610
Jharkhand,"Rajendra IMS, Ranchi",MBBS,AI,"₹10,050*",1754
Andhra Pradesh,"ACSR Govt Med Coll, Nellore",MBBS,AI,"₹ 10,500",Info Not Available
Andhra Pradesh,"Andhra Med Coll, Vizag",MBBS,AI,"₹ 10,500",1030
Andhra Pradesh,"Govt Med Coll, Ananthapuram",MBBS,AI,"₹ 10,500",500
Andhra Pradesh,"Govt Siddhartha, Vijaywada",MBBS,AI,"₹ 10,500",707
Andhra Pradesh,"Guntur Med Coll, Guntur",MBBS,AI,"₹ 10,500",1170
Andhra Pradesh,"Kurnool Med Coll, Kurnool",MBBS,AI,"₹ 10,500",1150
Andhra Pradesh,"Rajiv Gandhi IMS, Kadapa",MBBS,AI,"₹ 10,500",715
Andhra Pradesh,"Rajiv Gandhi IMS, Srikakulam",MBBS,AI,"₹ 10,500",532
Andhra Pradesh,"Rajiv Gandhi IMS, Ongole",MBBS,AI,"₹ 10,500",Info Not Available
Andhra Pradesh,"Rangaraya Med Coll, Kakinada",MBBS,AI,"₹ 10,500",1450
Andhra Pradesh,"SV Med Coll, Tirupati",MBBS,AI,"₹ 10,500",940
Andhra Pradesh,SVIMS-Sri Padmavathi,MBBS,AI,"₹ 10,500",Info Not Available
Bihar,"Vardhman IMS, Nalanda",MBBS,AI,"₹10,700*",640
Bihar,"Darbhanga, Lehriasarai",MBBS,AI,"₹10,700*",1030
Bihar,"Jannayak Karpoori Med,Madhepura",MBBS,AI,"₹10,700*",Info Not Available
Telangana,Government Med Coll Jangaon,MBBS,AI,"₹14,000*",Info Not Available
Telangana,"GovtMedColl,BhadradriKothagudem",MBBS,AI,"₹14,000*",Info Not Available
Telangana,"Government Med Coll, Jagtial",MBBS,AI,"₹14,000*",Info Not Available
Telangana,"Government Med Coll, Bhupalpally",MBBS,AI,"₹14,000*",Info Not Available
Telangana,"Government Med Coll, Kamareddy",MBBS,AI,"₹ 14,000",Info Not Available
Telangana,"Government Med Coll, Karimnagar",MBBS,AI,"₹14,000*",Info Not Available
Telangana,"Government Med Coll, Khammam",MBBS,AI,"₹14,000*",Info Not Available
Telangana,"Govt Med Coll, Kumuram Bheem",MBBS,AI,"₹14,000*",Info Not Available
Telangana,"Government Med Coll,Mahabubabad",MBBS,AI,"₹ 14,000",Info Not Available
Telangana,"Govt Med Coll, Mahabubnagar",MBBS,AI,"₹14,000*",900
Telangana,"Government Med Coll, Mancherial",MBBS,AI,"₹14,000*",Info Not Available
Telangana,"Govt Med Coll, Nagarkurnool",MBBS,AI,"₹14,000*",Info Not Available
Telangana,"Govt Med Coll, Nalgonda",MBBS,AI,"₹14,000*",Info Not Available
Telangana,"Government Med Coll, Nirmal",MBBS,AI,"₹14,000*",Info Not Available
Telangana,"Govt Med Coll, Nizamabad",MBBS,AI,"₹14,000*",500
Telangana,"Govt Med Coll, Rajanna Sircilla",MBBS,AI,"₹14,000*",Info Not Available
Telangana,"Government Med Coll, Ramagundam",MBBS,AI,"₹14,000*",Info Not Available
Telangana,"Government Med Coll, Sangareddy",MBBS,AI,"₹14,000*",Info Not Available
Telangana,"Govt Med Coll, Siddipet",MBBS,AI,"₹14,000*",Info Not Available
Telangana,"Government Med Coll, Vikarabad",MBBS,AI,"₹ 14,000",Info Not Available
Telangana,"Government Med Coll, Wanaparthy",MBBS,AI,"₹14,000*",Info Not Available
Telangana,"Kakatiya Med Coll, Warangal",MBBS,AI,"₹14,000*",1150
Telangana,"Rajiv Gandhi IMS, Adilabad",MBBS,AI,"₹ 14,000",Info Not Available
Bihar,"Govt Med Coll, Bettiah",MBBS,AI,"₹15,500*",470
Andaman and Nicobar Islands,"Andaman & NicobarIMS,PortBlair",MBBS,AI,"₹ 18,000",545
Tamil Nadu,Chengalpattu Med Coll,MBBS,AI,"₹18,073*",700
Tamil Nadu,Govt Dharmapuri Med Coll,MBBS,AI,"₹18,073*",Info Not Available
Tamil Nadu,"Govt Erode Med Coll,Perundurai",MBBS,AI,"₹18,073*",600
Tamil Nadu,"Govt Med Coll & ESI,Coimbatore",MBBS,AI,"₹18,073*",Info Not Available
Tamil Nadu,"Govt Med Coll, Ariyalur",MBBS,AI,"₹18,073*",Info Not Available
Tamil Nadu,"Govt Med Coll, Dindigul",MBBS,AI,"₹18,073*",Info Not Available
Tamil Nadu,"Govt Med Coll, Kallakurichi",MBBS,AI,"₹18,073*",Info Not Available
Tamil Nadu,"Govt Med Coll, Karur",MBBS,AI,"₹18,073*",Info Not Available
Tamil Nadu,"Govt Med Coll, Krishnagiri",MBBS,AI,"₹18,073*",Info Not Available
Tamil Nadu,"Govt Med Coll, Nagapattinam",MBBS,AI,"₹18,073*",Info Not Available
Tamil Nadu,"Govt Med Coll, Namakkal",MBBS,AI,"₹18,073*",Info Not Available
Tamil Nadu,"Govt Med Coll, Nilgiris",MBBS,AI,"₹18,073*",Info Not Available
Tamil Nadu,"Govt Med Coll, Omandurar",MBBS,AI,"₹18,073*",Info Not Available
Tamil Nadu,"Govt Med Coll, Pudukottai",MBBS,AI,"₹18,073*",Info Not Available
Tamil Nadu,"Govt Med Coll, Ramanathapuram",MBBS,AI,"₹18,073*",Info Not Available
Tamil Nadu,"Govt Med Coll, Thiruvallur",MBBS,AI,"₹18,073*",Info Not Available
Tamil Nadu,"Govt Med Coll, Tiruppur",MBBS,AI,"₹18,073*",Info Not Available
Tamil Nadu,"Govt Med Coll, Virudhunagar",MBBS,AI,"₹18,073*",Info Not Available
Tamil Nadu,Govt Sivagangai Med Coll,MBBS,AI,"₹18,073*",Info Not Available
Tamil Nadu,Govt Thiruvannamalai Med Coll,MBBS,AI,"₹18,073*",500
Tamil Nadu,Govt Vellore Med Coll,MBBS,AI,"₹18,073*",2858
Tamil Nadu,Govt Villupuram Med Coll,MBBS,AI,"₹18,073*",670
Tamil Nadu,"KAPV Med Coll, Trichy",MBBS,AI,"₹18,073*",2500
Tamil Nadu,Kanyakumari Med Coll,MBBS,AI,"₹18,073*",840
Tamil Nadu,"Kilpauk Med Coll, Chennai",MBBS,AI,"₹18,073*",1700
Tamil Nadu,"Madras Med Coll, Chennai",MBBS,AI,"₹18,073*",7285
Tamil Nadu,"Mohan Kumaramangalam, Salem",MBBS,AI,"₹18,073*",1642
Tamil Nadu,"Rajah Muthiah MC, Annamalai",MBBS,AI,"₹18,073*",1400
Tamil Nadu,"Stanley Med Coll, Chennai",MBBS,AI,"₹18,073*",1661
Tamil Nadu,Thanjavur Med Coll,MBBS,AI,"₹18,073*",1466
Tamil Nadu,Govt Thiruvarur Med Coll,MBBS,AI,"₹18,073*",555
Tamil Nadu,Govt Thoothukudi Med Coll,MBBS,AI,"₹18,073*",1212
Tamil Nadu,Tirunelveli Med Coll,MBBS,AI,"₹18,073*",1737
Kerala,"Govt Med Coll, Ernakulam",MBBS,AI,"₹23,150*",700
Kerala,"Government Med Coll, Idukki",MBBS,AI,"₹23,150*",Info Not Available
Kerala,"Govt Med Coll, Kollam",MBBS,AI,"₹23,150*",Info Not Available
Kerala,"Government Medical Coll, Konni",MBBS,AI,"₹23,150*",Info Not Available
Kerala,"Govt Med Coll, Kottayam",MBBS,AI,"₹23,150*",Info Not Available
Kerala,"Govt Med Coll, Kozhikode",MBBS,AI,"₹23,150*",3025
Kerala,"Govt Med Coll, Manjeri",MBBS,AI,"₹23,150*",500
Kerala,"Govt Med Coll, Thrissur",MBBS,AI,"₹23,150*",1400
Kerala,"Govt Med Coll, Palakkad",MBBS,AI,"₹23,150*",Info Not Available
Kerala,"TD Med Coll, Allepey",MBBS,AI,"₹23,150*",1050
Gujarat,"BJMC, Ahmedabad",MBBS,AI,"₹25,000*",1557
Gujarat,"Govt Med Coll, Surat",MBBS,AI,"₹ 25,000",1150
Gujarat,"Medical College, Baroda",MBBS,AI,"₹ 25,000",1250
Gujarat,"MP Shah, Jamnagar",MBBS,AI,"₹ 25,000",1250
Gujarat,"PDU Med Coll, Rajkot",MBBS,AI,"₹ 25,000",750
Jammu and Kashmir,"Government Med Coll,Anantnag",MBBS,AI,"₹ 26,250",Info Not Available
Jammu and Kashmir,"Gove Med Coll, Jammu",MBBS,AI,"₹ 26,250",1700
Jammu and Kashmir,"Government Medical Coll,Kathua",MBBS,AI,"₹ 26,250",Info Not Available
Jammu and Kashmir,"Government Med Coll,Rajouri",MBBS,AI,"₹26,250*",Info Not Available
Odisha,"Government Med Coll, Sundargarh",MBBS,AI,"₹26,756*",Info Not Available
Jammu and Kashmir,"Government Med Coll, Udhampur",MBBS,AI,"₹ 27,060",Info Not Available
Telangana,"Osmania Med Coll, Hyderabad",MBBS,AI,"₹30,000*",Info Not Available
Assam,"Gauhati Med Coll, Guwahati",MBBS,AI,"₹ 31,000",2185
Assam,"Silchar Med Coll, Silchar",MBBS,AI,"₹ 31,000",1256
Assam,"Assam Med Coll, Dibrugarh",MBBS,AI,"₹ 31,000",1365
Assam,"Jorhat Med Coll, Jorhat",MBBS,AI,"₹ 31,000",814
Assam,"Fakhruddin Ali Ahmed, Barpeta",MBBS,AI,"₹ 31,000",470
Assam,"Lakhimpur Med Coll, Lakhimpur",MBBS,AI,"₹ 31,000",Info Not Available
Assam,"Tezpur Med Coll, Tezpur",MBBS,AI,"₹ 31,000",500
Assam,"Diphu Med Coll, Assam",MBBS,AI,"₹ 31,000",Info Not Available
Arunachal Pradesh,"Tomo Riba IHMS, Naharlagun",MBBS,AI,"₹33,000*",500
Jammu and Kashmir,"Government Med Coll, Baramulla",MBBS,AI,"₹ 34,215",Info Not Available
Jammu and Kashmir,"Government Med Coll, Handwara",MBBS,AI,"₹ 34,215",Info Not Available
Jammu and Kashmir,"Govt Med Coll, Srinagar",MBBS,AI,"₹ 34,215",2150
Mizoram,"Zoram Med Coll, Mizoram",MBBS,AI,"₹ 36,000",Info Not Available
Uttar Pradesh,"Auton. State Med Coll, Etah",MBBS,AI,"₹36,000*",Info Not Available
Uttar Pradesh,"Auton. State Med Coll,Fatehpur",MBBS,AI,"₹36,000*",Info Not Available
Uttar Pradesh,"Auton. State Med Coll,Ghazipur",MBBS,AI,"₹36,000*",Info Not Available
Uttar Pradesh,"Auton. State Med Coll, Hardoi",MBBS,AI,"₹36,000*",Info Not Available
Uttar Pradesh,"Auton. State Med Coll,Mirzapur",MBBS,AI,"₹36,000*",Info Not Available
Uttar Pradesh,"Auton.State MedColl,Pratapgarh",MBBS,AI,"₹36,000*",Info Not Available
Uttar Pradesh,"Auton. StateMed,Siddharthnagar",MBBS,AI,"₹36,000*",Info Not Available
Uttar Pradesh,"BRD Med Coll, Gorakhpur",MBBS,AI,"₹36,000*",1050
Uttar Pradesh,"Dr RML IMS, Lucknow",MBBS,AI,"₹36,000*",Info Not Available
Uttar Pradesh,"Govt Allopathic Med Coll,Banda",MBBS,AI,"₹36,000*",430
Uttar Pradesh,"Govt IMS, Kasna",MBBS,AI,"₹36,000*",Info Not Available
Uttar Pradesh,"Govt Med Coll, Azamgarh",MBBS,AI,"₹36,000*",550
Uttar Pradesh,"Govt Med Coll, Bahraich",MBBS,AI,"₹36,000*",Info Not Available
Uttar Pradesh,"Govt Med Coll, Faizabad",MBBS,AI,"₹36,000*",Info Not Available
Uttar Pradesh,"Govt Med Coll, Firozobad",MBBS,AI,"₹36,000*",Info Not Available
Uttar Pradesh,"Govt Med Coll, Kannauj",MBBS,AI,"₹36,000*",470
Uttar Pradesh,"Govt Med Coll, Rampur, Basti",MBBS,AI,"₹36,000*",Info Not Available
Uttar Pradesh,"Govt Med Coll, Shahjhanpur",MBBS,AI,"₹36,000*",Info Not Available
Uttar Pradesh,"Govt Med Coll, Badaun",MBBS,AI,"₹36,000*",Info Not Available
Uttar Pradesh,"GSVM Med Coll, Kanpur",MBBS,AI,"₹36,000*",2083
Uttar Pradesh,"KGMU, Lucknow",MBBS,AI,"₹36,000*",4500
Uttar Pradesh,"LLRM Med Coll, Meerut",MBBS,AI,"₹36,000*",1090
Uttar Pradesh,"MLB Med Coll, Jhansi",MBBS,AI,"₹36,000*",700
Uttar Pradesh,"Auton. State Med Coll, Deoria",MBBS,AI,"₹36,000*",Info Not Available
Uttar Pradesh,"MLN Med Coll, Allahabad",MBBS,AI,"₹36,000*",Info Not Available
Uttar Pradesh,"MRA Med Coll, Ambedkarnagar",MBBS,AI,"₹36,000*",Info Not Available
Uttar Pradesh,"Rajkiya Med Coll, Jalaun",MBBS,AI,"₹36,000*",Info Not Available
Uttar Pradesh,"S N Med Coll, Agra",MBBS,AI,"₹36,000*",976
Uttar Pradesh,"Shaik-ul-Hind, Saharanpur",MBBS,AI,"₹36,000*",500
Uttar Pradesh,"Auton. State Med Coll, Jaunpur",MBBS,AI,"₹36,000*",Info Not Available
Uttar Pradesh,"UP Univ of Med Sci, Etawah",MBBS,AI,"₹36,000*",1268
Odisha,"Government Med Coll, Keonjhar",MBBS,AI,"₹ 37,950",Info Not Available
Odisha,"Pt Raghunath Med Coll,Baripada",MBBS,AI,"₹ 37,950",Info Not Available
Odisha,"SCB, Cuttack",MBBS,AI,"₹ 37,950",2106
Odisha,"VIMSAR, Burla",MBBS,AI,"₹ 37,950",1071
Odisha,"Sri Jagannath Med Coll, Puri",MBBS,AI,"₹ 38,040",Info Not Available
Odisha,"Govt Med Coll, Balasore",MBBS,AI,"₹ 38,230",Info Not Available
Odisha,"Govt Med Coll, Balangir",MBBS,AI,"₹ 38,256",Info Not Available
Odisha,"MKCG, Berhampur",MBBS,AI,"₹ 38,256",1140
Odisha,"Saheed Laxman Nayak, Koraput",MBBS,AI,"₹ 38,256",Info Not Available
Chhattisgarh,"Govt Med Coll, Ambikapur",MBBS,AI,"₹40,000*",Info Not Available
Bihar,"Jawaharlal Nehru, Bhagalpur",MBBS,AI,"₹40,800*",800
Nagaland,NIMSR Kohima,MBBS,AI,"₹47,000*",Info Not Available
Meghalaya,"NEIGRIHMS, Shillong",MBBS,AI,"₹47,600*",594
Chhattisgarh,"CCM Govt Medical College, Durg",MBBS,AI,"₹50,000*",Info Not Available
Chhattisgarh,"CIMS, Bilaspur",MBBS,AI,"₹50,000*",550
Chhattisgarh,"Govt Med Coll, Rajnandgaon",MBBS,AI,"₹ 50,000",650
Chhattisgarh,"Govt Med Coll, Kanker",MBBS,AI,"₹ 50,000",Info Not Available
Chhattisgarh,"Government Med Coll, Korba",MBBS,AI,"₹50,000*",Info Not Available
Chhattisgarh,"Government Med Coll, Mahasamund",MBBS,AI,"₹ 50,000",Info Not Available
Chhattisgarh,"BaliramKashyap NDMC, Jagdalpur",MBBS,AI,"₹ 50,000",500
Chhattisgarh,"Pt JNM Med Coll, Raipur",MBBS,AI,"₹ 50,000",1246
Himachal Pradesh,"RPG, Tanda",MBBS,AI,"₹50,000*",802
Himachal Pradesh,"Govt Med Coll, Nahan",MBBS,AI,"₹50,000*",Info Not Available
Himachal Pradesh,"Govt Med Coll, Hamirpur",MBBS,AI,"₹50,000*",Info Not Available
Himachal Pradesh,"Govt Med Coll, Chamba",MBBS,AI,"₹50,000*",Info Not Available
Himachal Pradesh,"LalBahShastri Govt Med, Mandi",MBBS,AI,"₹50,000*",500
Tripura,"Agartala Med Coll, Agartala",MBBS,AI,"₹59,500*",580
Dadra and Nagar Haveli,"NAMO MERI Govt MedColl,Silvassa",MBBS,AI,"₹ 60,000",Info Not Available
Telangana,"ESIC Med Coll,Sanath Nagar",MBBS,AI,"₹60,000*",690
Karnataka,"Belagavi IMS, Belagavi",MBBS,AI,"₹ 60,100",1000
Karnataka,"Bidar IMS, Bidar",MBBS,AI,"₹ 60,100",500
Karnataka,"Chamrajanagar IMS, Karnataka",MBBS,AI,"₹ 60,100",750
Karnataka,Chikkaballapura Inst Of Med Sci,MBBS,AI,"₹ 60,100",Info Not Available
Karnataka,Chitradurga Medical College,MBBS,AI,"₹ 60,100",Info Not Available
Karnataka,"Gadag IMS, Gadag",MBBS,AI,"₹ 60,100",Info Not Available
Karnataka,"Gulbarga IMS, Gulbarga",MBBS,AI,"₹ 60,100",873
Karnataka,"Hassan IMS, Hassan",MBBS,AI,"₹ 60,100",Info Not Available
Karnataka,"Haveri Inst of Med Sci, Haveri",MBBS,AI,"₹ 60,100",Info Not Available
Karnataka,"KIMS, Hubli",MBBS,AI,"₹ 60,100",1200
Karnataka,Karwar Inst of Med Sciences,MBBS,AI,"₹ 60,100",650
Karnataka,Kodagu Inst of Med Sciences,MBBS,AI,"₹ 60,100",600
Karnataka,"Koppal Inst of MS, Koppal",MBBS,AI,"₹ 60,100",Info Not Available
Karnataka,"Mandya IMS, Mandya",MBBS,AI,"₹ 60,100",Info Not Available
Karnataka,"Mysore Med Coll, Mysore",MBBS,AI,"₹ 60,100",Info Not Available
Karnataka,"Raichur IMS, Raichur",MBBS,AI,"₹ 60,100",500
Karnataka,"Shimoga IMS, Shimoga",MBBS,AI,"₹ 60,100",Info Not Available
Karnataka,"Shri Atal Bihari Vajpayee, BLR",MBBS,AI,"₹ 60,100",Info Not Available
Karnataka,"VIMS, Bellary",MBBS,AI,"₹ 60,100",1295
Karnataka,"Yadgiri Inst of Med Sci,Yadgiri",MBBS,AI,"₹ 60,100",Info Not Available
Haryana,"BPS Govt Med Coll, Sonepat",MBBS,AI,"₹70,000*",506
Haryana,"Kalpana Chawala Govt MC,Karnal",MBBS,AI,"₹70,000*",500
Haryana,"Pt BD Sharma, Rohtak",MBBS,AI,"₹70,000*",2080
Haryana,"SHKM, Nalhar",MBBS,AI,"₹70,000*",500
Haryana,"AB Vajpay GovtMedColl,Faridabad",MBBS,AI,"₹70,000*",Info Not Available
Chhattisgarh,"Lakhi Ram Agrawal, Raigarh",MBBS,AI,"₹ 72,000",650
Pondicherry,"IGMC & RI, Pondicherry",MBBS,AI,"₹73,700*",750
Bihar,"IGIMS, Patna",MBBS,AI,"₹81,667*",1062
Rajasthan,"SNMC, Jodhpur",MBBS,AI,"₹87,100*",3101
Rajasthan,"Government Med Coll, Alwar",MBBS,AI,"₹87,100*",Info Not Available
Rajasthan,"Govt Med Coll, Barmer",MBBS,AI,"₹87,100*",Info Not Available
Rajasthan,"Govt Med Coll, Bharatpur",MBBS,AI,"₹87,100*",Info Not Available
Rajasthan,"Govt Med Coll, Bhilwara",MBBS,AI,"₹87,100*",Info Not Available
Rajasthan,Government Medical College Bundi,MBBS,AI,"₹87,100*",Info Not Available
Rajasthan,"Government Med Coll,Chittorgarh",MBBS,AI,"₹87,100*",Info Not Available
Rajasthan,"Govt Med Coll, Churu",MBBS,AI,"₹87,100*",Info Not Available
Rajasthan,"Government Med Coll, Dausa",MBBS,AI,"₹87,100*",Info Not Available
Rajasthan,"Government Med Coll, Dholpur",MBBS,AI,"₹87,100*",Info Not Available
Rajasthan,"Govt Med Coll, Dungapur",MBBS,AI,"₹87,100*",Info Not Available
Rajasthan,"Government Med Coll, Hanumangarh",MBBS,AI,"₹87,100*",Info Not Available
Rajasthan,"Government Med Coll, Karauli",MBBS,AI,"₹87,100*",Info Not Available
Rajasthan,"Govt Med Coll, Pali",MBBS,AI,"₹87,100*",Info Not Available
Rajasthan,"Government Med Coll, Sirohi",MBBS,AI,"₹87,100*",Info Not Available
Rajasthan,"Govt Med Coll, Sri Ganganagar",MBBS,AI,"₹87,100*",Info Not Available
Rajasthan,"JLNMC, Ajmer",MBBS,AI,"₹87,100*",1428
Rajasthan,"Jhalawar Med Coll, Jhalawar",MBBS,AI,"₹87,100*",Info Not Available
Rajasthan,"RUHS, Jaipur",MBBS,AI,"₹87,100*",300
Rajasthan,"SP Med Coll, Bikaner",MBBS,AI,"₹87,100*",Info Not Available
Rajasthan,"Govt Med Coll, Sikar",MBBS,AI,"₹87,100*",Info Not Available
Rajasthan,"SMS, Jaipur",MBBS,AI,"₹87,100*",5702
Haryana,"ESI Med Coll, Faridabad",MBBS,AI,"₹ 1,00,000",Info Not Available
Madhya Pradesh,"Atal Bihari Vajpayee, Vidisha",MBBS,AI,"₹1,00,000*",Info Not Available
Madhya Pradesh,"Bundelkhand Med Coll, Sagar",MBBS,AI,"₹1,00,000*",750
Madhya Pradesh,"Gaja Raja Med Coll, Gwalior",MBBS,AI,"₹1,00,000*",1100
Madhya Pradesh,"Gandhi Med Coll, Bhopal",MBBS,AI,"₹1,00,000*",1135
Madhya Pradesh,"Govt Med Coll, Chhindwara",MBBS,AI,"₹1,00,000*",Info Not Available
Madhya Pradesh,"Govt Med Coll, Ratlam",MBBS,AI,"₹1,00,000*",300
Madhya Pradesh,"Government Med Coll, Satna",MBBS,AI,"₹1,00,000*",Info Not Available
Madhya Pradesh,"Govt Med Coll, Shivpuri",MBBS,AI,"₹1,00,000*",Info Not Available
Madhya Pradesh,"MGM Med Coll, Indore",MBBS,AI,"₹1,00,000*",1300
Madhya Pradesh,"NSC Bose Med Coll, Jabalpur",MBBS,AI,"₹1,00,000*",1150
Tamil Nadu,"ESI PGIMSR, KK Nagar, Chennai",MBBS,AI,"₹ 1,00,000",470
West Bengal,"ESI, Joka, Kolkata",MBBS,AI,"₹1,00,000*",470
Madhya Pradesh,"Govt Med Coll, Khandwa",MBBS,AI,"₹1,01,950*",Info Not Available
Bihar,"ESIC Med Coll, Patna",MBBS,AI,"₹1,05,000*",Info Not Available
Rajasthan,"ESIC Med Coll, Alwar",MBBS,AI,"₹ 1,05,000",Info Not Available
Rajasthan,"RNT, Udaipur",MBBS,AI,"₹1,05,735*",2206
Karnataka,"ESI, Bangalore",MBBS,AI,"₹ 1,10,100",530
Karnataka,"ESIC Med Coll,Gulbarga",MBBS,AI,"₹ 1,10,100",480
Maharashtra,"VMMC, Solapur",MBBS,AI,"₹1,24,300*",763
Maharashtra,"Govt Med Coll, Nanded",MBBS,AI,"₹1,24,300*",750
Maharashtra,"Govt Med Coll, Baramati",MBBS,AI,"₹1,24,300*",Info Not Available
Maharashtra,"Govt Med Coll, Akola",MBBS,AI,"₹1,24,300*",840
Maharashtra,"Govt Med Coll, Alibag",MBBS,AI,"₹1,24,300*",Info Not Available
Maharashtra,"Govt Med Coll, Aurangabad",MBBS,AI,"₹1,24,300*",1177
Maharashtra,"Govt Med Coll, Chandrapur",MBBS,AI,"₹1,24,300*",Info Not Available
Maharashtra,"Govt Med Coll, Gondia",MBBS,AI,"₹1,24,300*",Info Not Available
Maharashtra,"Govt Med Coll, Jalgaon",MBBS,AI,"₹1,24,300*",Info Not Available
Maharashtra,"Govt Med Coll, Latur",MBBS,AI,"₹1,24,300*",750
Maharashtra,"Govt Med Coll, Miraj",MBBS,AI,"₹1,24,300*",725
Maharashtra,"Govt Med Coll, Nagpur",MBBS,AI,"₹1,24,300*",1866
Maharashtra,"Govt Med Coll, Nandurbar",MBBS,AI,"₹1,24,300*",Info Not Available
Maharashtra,"Govt Med Coll, Satara",MBBS,AI,"₹1,24,300*",Info Not Available
Maharashtra,"Government Med Coll, Sindhudurg",MBBS,AI,"₹1,24,300*",Info Not Available
Maharashtra,"Grant Med Coll, Mumbai",MBBS,AI,"₹1,24,300*",2844
Maharashtra,"HBT & RN Cooper, Mumbai",MBBS,AI,"₹1,24,300*",940
Maharashtra,"Indira Gandhi MedColl, Nagpur",MBBS,AI,"₹1,24,300*",822
Maharashtra,"Lokmanya Tilak, Sion, Mumbai",MBBS,AI,"₹1,24,300*",1462
Maharashtra,"MGIMS, Wardha",MBBS,AI,"₹1,24,300*",1000
Maharashtra,"Rajarshee CSM Govt MC,Kolhapur",MBBS,AI,"₹1,24,300*",665
Maharashtra,"Rajiv Gandhi MC & CSMH, Thane",MBBS,AI,"₹1,24,300*",500
Maharashtra,"Seth GS, Mumbai",MBBS,AI,"₹1,24,300*",2250
Maharashtra,"Shri VR Naik Govt, Yavatmal",MBBS,AI,"₹1,24,300*",756
Maharashtra,"Sri Bhausaheb, Dhule",MBBS,AI,"₹1,24,300*",545
Maharashtra,"SRTT, Ambajogai",MBBS,AI,"₹1,24,300*",518
Maharashtra,"Topiwala, Mumbai",MBBS,AI,"₹1,24,300*",1300
Goa,"Goa Med Coll, Panaji",MBBS,AI,"₹1,28,100*",Info Not Available
Karnataka,Chikkamagaluru Inst of Med Sci,MBBS,AI,"₹1,28,100*",Info Not Available
Odisha,Government Med Coll Bhawanipatna,MBBS,AI,"₹1,45,000*",Info Not Available
Uttarakhand,"Govt Med Coll, Haldwani",MBBS,AI,"₹1,45,000*",600
Uttarakhand,"Soban Singh Govt Inst, Almora",MBBS,AI,"₹1,45,000*",Info Not Available
Uttarakhand,"VCSG Med Coll, Pauri Garhwal",MBBS,AI,"₹1,50,000*",Info Not Available
Uttarakhand,"Doon Med Coll, Dehradun",MBBS,AI,"₹1,65,500*",436
Punjab,"DrBRAmbedkar State IMS,Mohali",MBBS,AI,"₹ 1,74,000",Info Not Available
Punjab,"Govt Med Coll, Amritsar",MBBS,AI,"₹ 1,74,000",951
Punjab,"Govt Med Coll, Patiala",MBBS,AI,"₹ 1,74,000",1130
Punjab,"Guru Govind Singh, Faridkot",MBBS,AI,"₹ 1,74,000",1000
Gujarat,"GMERS Medical College, Navsari",MBBS,AI,"₹ 3,30,000",Info Not Available
Gujarat,"GMERS Medical College, Rajpipla",MBBS,AI,"₹ 3,30,000",Info Not Available
Gujarat,"Govt Med College (GMERS), Morbi",MBBS,AI,"₹ 3,30,000",Info Not Available
Gujarat,"Govt Med Coll (GMERS), Panchmahal",MBBS,AI,"₹ 3,30,000",Info Not Available
Gujarat,"Govt Med Coll (GMERS), Porbandar",MBBS,AI,"₹ 3,30,000",Info Not Available
Andhra Pradesh,"Government Med Coll, Eluru",MBBS,AI,-,Info Not Available
Andhra Pradesh,Govt Med Coll Machilipatnam,MBBS,AI,-,Info Not Available
Andhra Pradesh,"Government Med Coll, Nandyal",MBBS,AI,-,Info Not Available
Andhra Pradesh,"Govt Med Coll, Rajamahendravaram",MBBS,AI,-,Info Not Available
Andhra Pradesh,Government Med Coll Vizianagaram,MBBS,AI,-,Info Not Available
Assam,"Dhubri Medical College, Dhubri",MBBS,AI,-,Info Not Available
Assam,"Nalbari Medical College, Nalbari",MBBS,AI,-,Info Not Available
Assam,Nagaon Medical College,MBBS,AI,-,Info Not Available
Assam,Kokrajhar Medical College,MBBS,AI,-,Info Not Available
Bihar,"Government Med Coll, Purnea",MBBS,AI,-,Info Not Available
Delhi,"ABVIMS (Dr RML Hosp), Delhi",MBBS,AI,-,1626
Delhi,"MAMC, Delhi",MBBS,AI,-,2800
Delhi,"VMMC, Delhi",MBBS,AI,-,1550
Delhi,"UCMS, Delhi",MBBS,AI,-,1000
Delhi,"Lady Hardinge, Delhi",MBBS,AI,-,877
Delhi,"Dr BSA Med Coll, Delhi",MBBS,AI,-,Info Not Available
Delhi,"NDMC Med College, Delhi",MBBS,AI,-,980
Jammu and Kashmir,"Government Medical Coll, Doda",MBBS,AI,-,Info Not Available
Jammu and Kashmir,"Sher-I-Kashmir, Srinagar",MBBS,AI,-,Info Not Available
Jharkhand,"Dumka Medical Coll,Dighi Dumka",MBBS,AI,-,Info Not Available
Maharashtra,Government Med Coll Ratnagiri,MBBS,AI,-,Info Not Available
Maharashtra,"Government Med Coll, Osmanabad",MBBS,AI,-,Info Not Available
Maharashtra,"Government Med Coll, Parbhani",MBBS,AI,-,Info Not Available
Manipur,"Govt Med Coll, Churachandpur",MBBS,AI,-,Info Not Available
West Bengal,"Jhargram Govt Med Coll,Jhargram",MBBS,AI,-,Info Not Available
West Bengal,"Sarat CC Govt Med Coll, Howrah",MBBS,AI,-,Info Not Available
Madhya Pradesh,"Govt Med Coll, Datia",MBBS,AI,"₹1,00,000*",540
Maharashtra,"BJMC, Pune",MBBS,AI,"₹1,24,300*",1296
Rajasthan,"Govt Med Coll, Kota",MBBS,AI,"₹87,100*",2581
Kerala,"Medical College, Trivandrum",MBBS,AI,"₹23,150*",2126
Chandigarh,"GMC, Chandigarh",MBBS,AI,"₹24,979*",967
Tamil Nadu,"Madurai Med Coll, Madurai",MBBS,AI,"₹18,073*",3518
Telangana,"Gandhi Med Coll, Secunderabad",MBBS,AI,"₹14,000*",1200
Karnataka,"Bangalore Med Coll, Bangalore",MBBS,AI,"₹ 50,000",1993
Tamil Nadu,Coimbatore Med Coll,MBBS,AI,"₹18,073*",1182
Himachal Pradesh,"IGMC, Shimla",MBBS,AI,"₹50,000*",1031
Gujarat,"Govt Med Coll, Bhavnagar",MBBS,AI,"₹25,350*",720
Kerala,"Academy of Med Sci, Pariyaram",MBBS,AI,"₹23,150*",1752
Tamil Nadu,Govt Theni Med Coll,MBBS,AI,"₹18,073*",940
Jharkhand,"MGM Med Coll, Jamshedpur",MBBS,AI,-,540
Madhya Pradesh,"SSMC, Rewa",MBBS,AI,"₹1,00,000*",1140
Telangana,"Govt Med Coll, Suryapet",MBBS,AI,"₹14,000*",Info Not Available
Madhya Pradesh,"Govt Med Coll, Shahdol, MP",MBBS,AI,"₹1,06,500*",Info Not Available
Andhra Pradesh,"AIIMS, Mangalagiri",MBBS,AIIMS SO,"₹1,528*",960
West Bengal,"AIIMS, Kalyani",MBBS,AIIMS SO,"₹1,528*",Info Not Available
Chhattisgarh,"AIIMS, Raipur",MBBS,AIIMS SO,"₹1,528*",960
Assam,"AIIMS, Guwahati",MBBS,AIIMS SO,"₹1,528*",750
Himachal Pradesh,"AIIMS, Bilaspur, Himachal",MBBS,AIIMS SO,"₹1,528*",Info Not Available
Jharkhand,"AIIMS, Deoghar",MBBS,AIIMS SO,"₹1,528*",Info Not Available
Madhya Pradesh,"AIIMS, Bhopal",MBBS,AIIMS SO,"₹1,628*",833
Uttar Pradesh,"AIIMS, Rai Bareli",MBBS,AIIMS SO,"₹1,628*",Info Not Available
Maharashtra,"AIIMS, Nagpur",MBBS,AIIMS SO,"₹1,628*",500
Gujarat,"AIIMS, Rajkot",MBBS,AIIMS SO,"₹1,628*",750
Punjab,"AIIMS, Bathinda",MBBS,AIIMS SO,"₹1,628*",750
Jammu and Kashmir,"AIIMS, Jammu",MBBS,AIIMS SO,"₹1,628*",Info Not Available
Tamil Nadu,"AIIMS, Madurai",MBBS,AIIMS SO,"₹1,628*",Info Not Available
Telangana,"AIIMS, Bibinagar",MBBS,AIIMS SO,"₹1,628*",750
Uttarakhand,"AIIMS, Rishikesh",MBBS,AIIMS SO,"₹1,628*",960
Odisha,"AIIMS, Bhubaneswar",MBBS,AIIMS SO,"₹1,628*",1165
Rajasthan,"AIIMS, Jodhpur",MBBS,AIIMS SO,"₹1,628*",960
Bihar,"AIIMS, Patna",MBBS,AIIMS SO,"₹1,628*",960
Uttar Pradesh,"AIIMS, Gorakhpur",MBBS,AIIMS SO,"₹1,685*",Info Not Available
Delhi,"AIIMS, Delhi",MBBS,AIIMS SO,"₹1,628*",3194
Uttar Pradesh,"JNMC (AMU), Aligarh",MBBS,AM,"₹ 36,000",1269
Uttar Pradesh,"JNMC (AMU), Aligarh",MBBS,AMU NR,"₹ 28,80,000",1269
Uttar Pradesh,"JNMC (AMU), Aligarh",MBBS,AMU SO,"₹ 36,000",1269
Uttar Pradesh,"IMS(BHU), Varanasi",MBBS,BHU SO,"₹ 36,000",1165
Delhi,"Lady Hardinge, Delhi",MBBS,DU,"₹2,400*",877
Delhi,"MAMC, Delhi",MBBS,DU,"₹2,400*",2800
Delhi,"UCMS, Delhi",MBBS,DU,"₹2,400*",1000
Tamil Nadu,"Govt Med Coll & ESI,Coimbatore",MBBS,ES,"₹ 13,610",Info Not Available
Tamil Nadu,"ESI PGIMSR, KK Nagar, Chennai",MBBS,ES,"₹ 13,610",470
Haryana,"ESI Med Coll, Faridabad",MBBS,ES,"₹24,000*",Info Not Available
Himachal Pradesh,"LalBahShastri Govt Med, Mandi",MBBS,ES,"₹24,000*",500
Rajasthan,"ESIC Med Coll, Alwar",MBBS,ES,"₹24,000*",Info Not Available
Karnataka,"ESI, Bangalore",MBBS,ES,"₹24,000*",530
Bihar,"ESIC Med Coll, Patna",MBBS,ES,"₹24,000*",Info Not Available
Telangana,"ESIC Med Coll,Sanath Nagar",MBBS,ES,"₹24,000*",690
West Bengal,"ESI, Joka, Kolkata",MBBS,ES,"₹24,000*",470
Karnataka,"ESIC Med Coll,Gulbarga",MBBS,ES,"₹24,000*",480
Kerala,"Govt Med Coll, Kollam",MBBS,ES,"₹ 30,200",Info Not Available
Delhi,"VMMC, Delhi",MBBS,IP,"₹ 2,400",1550
Delhi,"ABVIMS (Dr RML Hosp), Delhi",MBBS,IP,"₹ 39,000",1626
Pondicherry,"JIPMER, Karaikal",MBBS,JP,"₹6,770*",Info Not Available
Pondicherry,"JIPMER, Puducherry",MBBS,JP,"₹6,770*",2059
Gujarat,"SBKS, Vadadora",MBBS,JAIN MIN,"₹ 18,75,000",1340
Pondicherry,"JIPMER, Karaikal",MBBS,JPMR SO,"₹6,770*",Info Not Available
Pondicherry,"JIPMER, Puducherry",MBBS,JPMR SO,"₹6,770*",2059
Delhi,"Hamdard Institute, Delhi",MBBS,MUSLIM MIN,"₹16,00,000*",710
Karnataka,"Yenepoya Med Coll, Mangalore",MBBS,MUSLIM MIN,"₹22,22,223*",910
Maharashtra,"Symbiosis Med Coll Women, Pune",MBBS,DEEMED PS,"₹10,00,000*",Info Not Available
Karnataka,"Kasturba Med Coll, Manipal",MBBS,DEEMED PS,"₹10,99,000*",2032
Jharkhand,"Manipal TataMedColl,Jamshedpur",MBBS,DEEMED PS,"₹12,10,000*",Info Not Available
Karnataka,"KS Hegde, Mangalore",MBBS,DEEMED PS,"₹17,50,000*",1000
Maharashtra,"Rural Med Coll, LONI",MBBS,DEEMED PS,"₹ 17,50,000",1275
Karnataka,"Jagadguru Gangadhar, Hubli",MBBS,DEEMED PS,"₹ 17,60,000",Info Not Available
Karnataka,"SDU Med Coll, Kolar",MBBS,DEEMED PS,"₹ 17,60,000",1100
Karnataka,"Sri Siddhartha IMS, T. Begur",MBBS,DEEMED PS,"₹17,75,000*",Info Not Available
Karnataka,"Siddhartha Med Coll, Tumkur",MBBS,DEEMED PS,"₹17,75,000*",960
Haryana,"MMIMS, Mullana, Ambala",MBBS,DEEMED PS,"₹18,00,000*",940
Tamil Nadu,"Sri Lalithambigai Med, Chennai",MBBS,DEEMED PS,"₹19,00,000*",Info Not Available
Karnataka,"JN Medical College, Belgaum",MBBS,DEEMED PS,"₹ 19,20,000",2400
Tamil Nadu,"Meenakshi Med Coll, Enathur",MBBS,DEEMED PS,"₹19,50,000*",1110
Odisha,"IMS & SUM, Bhubaneswar",MBBS,DEEMED PS,"₹19,95,000*",1410
Maharashtra,"JN Med College, Meghe, Wardha",MBBS,DEEMED PS,"₹20,75,000*",2150
Pondicherry,"Aarupadai Veedu, Pondicherry",MBBS,DEEMED PS,"₹21,00,000*",584
Maharashtra,Mahatma Gandhi Mission Vashi,MBBS,DEEMED PS,"₹ 21,00,000",Info Not Available
Maharashtra,"MGM Med Coll, Aurangabad",MBBS,DEEMED PS,"₹21,00,000*",700
Maharashtra,"MGM Med Coll, Navi Mumbai",MBBS,DEEMED PS,"₹21,00,000*",1740
Tamil Nadu,"Shri Satya Sai, Kancheepuram",MBBS,DEEMED PS,"₹21,00,000*",1120
Tamil Nadu,"Vels Med Coll, Tiruvallur",MBBS,DEEMED PS,"₹21,00,000*",Info Not Available
Tamil Nadu,"Vinayaka Missions, Salem",MBBS,DEEMED PS,"₹21,50,000*",560
Maharashtra,"Datta Meghe Med Coll, Nagpur",MBBS,DEEMED PS,"₹22,00,000*",Info Not Available
Maharashtra,"BVDU, Sangli",MBBS,DEEMED PS,"₹22,10,000*",853
Tamil Nadu,"ACS Med Coll, Chennai",MBBS,DEEMED PS,"₹ 23,00,000",1050
Maharashtra,"Krishna IMS, Karad",MBBS,DEEMED PS,"₹23,00,000*",1125
Karnataka,"Rajeshwari, Bangalore",MBBS,DEEMED PS,"₹23,00,000*",1460
Maharashtra,"DY Patil, Kolhapur",MBBS,DEEMED PS,"₹ 23,10,000",800
Maharashtra,"DY Patil, Navi Mumbai",MBBS,DEEMED PS,"₹ 23,10,000",1662
Pondicherry,"MGMC & RI, Pondicherry",MBBS,DEEMED PS,"₹24,00,000*",1380
Uttar Pradesh,"Santosh Med Coll, Ghaziabad",MBBS,DEEMED PS,"₹ 24,00,000",800
Tamil Nadu,"Saveetha, Kanchipuram",MBBS,DEEMED PS,"₹24,75,000*",1250
Kerala,"Amrita School of Med, Kochi",MBBS,DEEMED PS,"₹25,00,000*",1110
Haryana,Amrita School of Med. Faridabad,MBBS,DEEMED PS,"₹25,00,000*",Info Not Available
Tamil Nadu,"Bhaarat Med Coll, Chennai",MBBS,DEEMED PS,"₹25,00,000*",Info Not Available
Pondicherry,"SLIMS, Pondicherry",MBBS,DEEMED PS,"₹25,00,000*",1230
Tamil Nadu,"SRM Med Coll, Kancheepuram",MBBS,DEEMED PS,"₹25,00,000*",1590
Andhra Pradesh,"GITAM IMS, Vizag",MBBS,DEEMED PS,"₹ 25,37,000",780
Tamil Nadu,"Sree Balaji Med Coll, Chennai",MBBS,DEEMED PS,"₹25,50,000*",1250
Maharashtra,"DY Patil, Pimpri, Pune",MBBS,DEEMED PS,"₹26,50,000*",2011
Tamil Nadu,"SRMC & RI, Chennai",MBBS,DEEMED PS,"₹30,00,000*",1800
Karnataka,"JSS Med Coll, Mysore",MBBS,DEEMED PS,-,2060
Odisha,"Kalinga IMS, Bhubaneswar",MBBS,DEEMED PS,-,1750
Karnataka,"Shri BM Patil, Vijayapura",MBBS,DEEMED PS,-,1130
Karnataka,"Kasturba Med Coll, Mangalore",MBBS,DEEMED PS,"₹10,99,000*",1290
Delhi,"Hamdard Institute, Delhi",MBBS,DEEMED PS,"₹16,00,000*",710
Maharashtra,"BVDU, Pune",MBBS,DEEMED PS,"₹23,60,000*",856
Gujarat,"SBKS, Vadadora",MBBS,DEEMED PS,"₹ 18,75,000",1340
Karnataka,"Yenepoya Med Coll, Mangalore",MBBS,DEEMED PS,"₹22,22,223*",910
Tamil Nadu,"Chettinad Hosp&RI,Kanchipuram",MBBS,DEEMED PS,"₹24,50,000*",1180
Pondicherry,"Vinayaka Missions, Karaikal",MBBS,DEEMED PS,"₹19,50,000*",590
Maharashtra,"JN Med College, Meghe, Wardha",MBBS,DEEMED NRI,"₹22,00,000*",2150
Maharashtra,"Datta Meghe Med Coll, Nagpur",MBBS,DEEMED NRI,"₹23,60,000*",Info Not Available
Karnataka,"KS Hegde, Mangalore",MBBS,DEEMED NRI,"₹28,00,000*",1000
Gujarat,"SBKS, Vadadora",MBBS,DEEMED NRI,"₹ 28,00,000",1340
Haryana,"MMIMS, Mullana, Ambala",MBBS,DEEMED NRI,"₹28,44,480*",940
Maharashtra,"DY Patil, Kolhapur",MBBS,DEEMED NRI,"₹ 28,80,000",800
Maharashtra,"DY Patil, Navi Mumbai",MBBS,DEEMED NRI,"₹ 28,80,000",1662
Karnataka,"Jagadguru Gangadhar, Hubli",MBBS,DEEMED NRI,"₹ 32,00,000",Info Not Available
Karnataka,"Yenepoya Med Coll, Mangalore",MBBS,DEEMED NRI,"₹33,33,334*",910
Tamil Nadu,"Vels Med Coll, Tiruvallur",MBBS,DEEMED NRI,"₹33,44,000*",Info Not Available
Maharashtra,"DY Patil, Pimpri, Pune",MBBS,DEEMED NRI,"₹34,80,000*",2011
Andhra Pradesh,"GITAM IMS, Vizag",MBBS,DEEMED NRI,"₹ 36,00,000",780
Delhi,"Hamdard Institute, Delhi",MBBS,DEEMED NRI,"₹36,00,000*",710
Maharashtra,"Krishna IMS, Karad",MBBS,DEEMED NRI,"₹36,00,000*",1125
Karnataka,"SDU Med Coll, Kolar",MBBS,DEEMED NRI,"₹ 36,16,000",1100
Karnataka,"JN Medical College, Belgaum",MBBS,DEEMED NRI,"₹ 36,40,000",2400
Kerala,"Amrita School of Med, Kochi",MBBS,DEEMED NRI,"₹40,00,000*",1110
Haryana,Amrita School of Med. Faridabad,MBBS,DEEMED NRI,"₹40,00,000*",Info Not Available
Odisha,"IMS & SUM, Bhubaneswar",MBBS,DEEMED NRI,"₹40,00,000*",1410
Pondicherry,"MGMC & RI, Pondicherry",MBBS,DEEMED NRI,"₹40,00,000*",1380
Tamil Nadu,"Meenakshi Med Coll, Enathur",MBBS,DEEMED NRI,"₹40,00,000*",1110
Uttar Pradesh,"Santosh Med Coll, Ghaziabad",MBBS,DEEMED NRI,"₹ 40,00,000",800
Karnataka,"Sri Siddhartha IMS, T. Begur",MBBS,DEEMED NRI,"₹40,00,000*",Info Not Available
Karnataka,"Siddhartha Med Coll, Tumkur",MBBS,DEEMED NRI,"₹40,00,000*",960
Tamil Nadu,"ACS Med Coll, Chennai",MBBS,DEEMED NRI,"₹ 44,00,000",1050
Karnataka,"Rajeshwari, Bangalore",MBBS,DEEMED NRI,"₹ 44,00,000",1460
Maharashtra,Mahatma Gandhi Mission Vashi,MBBS,DEEMED NRI,"₹ 45,00,000",Info Not Available
Maharashtra,"MGM Med Coll, Aurangabad",MBBS,DEEMED NRI,"₹45,00,000*",700
Maharashtra,"MGM Med Coll, Navi Mumbai",MBBS,DEEMED NRI,"₹45,00,000*",1740
Tamil Nadu,"Sree Balaji Med Coll, Chennai",MBBS,DEEMED NRI,"₹48,00,000*",1250
Maharashtra,"Rural Med Coll, LONI",MBBS,DEEMED NRI,"₹ 85,36,000",1275
Karnataka,"Shri BM Patil, Vijayapura",MBBS,DEEMED NRI,-,1130
Tamil Nadu,"Sri Lalithambigai Med, Chennai",MBBS,DEEMED NRI,-,Info Not Available
Tamil Nadu,"SRMC & RI, Chennai",MBBS,DEEMED NRI,-,1800
Pondicherry,"Vinayaka Missions, Karaikal",MBBS,DEEMED NRI,-,590
Karnataka,"Kasturba Med Coll, Mangalore",MBBS,DEEMED NRI,"₹18,40,000*",1290
Karnataka,"Kasturba Med Coll, Manipal",MBBS,DEEMED NRI,"₹24,48,000*",2032
Maharashtra,"Symbiosis Med Coll Women, Pune",MBBS,DEEMED NRI,"₹32,51,600*",Info Not Available
Maharashtra,"BVDU, Pune",MBBS,DEEMED NRI,"₹69,16,000*",856
Karnataka,"JSS Med Coll, Mysore",MBBS,DEEMED NRI,-,2060
Odisha,"Kalinga IMS, Bhubaneswar",MBBS,DEEMED NRI,-,1750
Maharashtra,"BVDU, Sangli",MBBS,DEEMED NRI,"₹69,16,000*",853
Delhi,"AIIMS, Delhi",MBBS,AMS-FRGNOCI,"₹13,33,333*",3194
Delhi,"Lady Hardinge, Delhi",MBBS,DEL CW,"₹2,400*",877
Delhi,"UCMS, Delhi",MBBS,DEL CW,"₹2,400*",1000
Delhi,"MAMC, Delhi",MBBS,DEL CW,"₹2,400*",2800
Delhi,"VMMC, Delhi",MBBS,IP CW,"₹ 2,400",1550
Delhi,"ABVIMS (Dr RML Hosp), Delhi",MBBS,IP CW,"₹ 39,000",1626
Manipur,"Dental College, RIMS, Imphal",BDS,AI,"₹2,410*",Info Not Available
Manipur,"JN Inst of Dental Sci, Imphal",BDS,AI,"₹ 5,000",Info Not Available
Bihar,"Patna Dental Coll, Patna",BDS,AI,"₹5,590*",Info Not Available
Jharkhand,"Dental Institute, RIMS, Ranchi",BDS,AI,"₹6,750*",Info Not Available
West Bengal,"Dr R Ahmed Dental Coll,Kolkata",BDS,AI,"₹7,800*",Info Not Available
West Bengal,"North Bengal Dental,Darjeeling",BDS,AI,"₹7,800*",Info Not Available
West Bengal,"Burdwan Dental Coll, Burdwan",BDS,AI,"₹9,000*",Info Not Available
Andhra Pradesh,"Govt Dental Coll, Vijayawada",BDS,AI,"₹ 10,500",Info Not Available
Andhra Pradesh,"Govt Dental Coll, Kadapa",BDS,AI,"₹ 10,500",Info Not Available
Telangana,"Govt Dental Coll, Hyderabad",BDS,AI,"₹ 15,210",Info Not Available
Tamil Nadu,"Govt Dental Coll, Pudukkottai",BDS,AI,"₹16,073*",Info Not Available
Tamil Nadu,"Rajah Muthiah DC, Annamalai",BDS,AI,"₹16,073*",Info Not Available
Tamil Nadu,"Govt Dental Coll, Chennai",BDS,AI,"₹16,073*",Info Not Available
Gujarat,"Govt Dental Coll, Ahmedabad",BDS,AI,"₹ 20,000",Info Not Available
Gujarat,"Govt Dental Coll, Jamnagar",BDS,AI,"₹ 20,000",Info Not Available
Kerala,"Govt Dental Coll, Alappuzha",BDS,AI,"₹20,840*",Info Not Available
Kerala,"Govt Dental Coll, Kottayam",BDS,AI,"₹20,840*",Info Not Available
Kerala,"Govt Dental Coll, Kozhikode",BDS,AI,"₹20,840*",Info Not Available
Kerala,"Govt Dental Coll, Thrissur",BDS,AI,"₹20,840*",Info Not Available
Kerala,"Govt Dental Coll, Trivandrum",BDS,AI,"₹20,840*",Info Not Available
Kerala,"Pariyaram Dental Coll, Kannur",BDS,AI,"₹20,840*",Info Not Available
Chhattisgarh,"Govt Dental Coll, Raipur",BDS,AI,"₹21,800*",Info Not Available
Uttar Pradesh,"Faculty of Dental Sci, Lucknow",BDS,AI,"₹24,000*",Info Not Available
Jammu and Kashmir,"Indira Gandhi Govt Dental,Jammu",BDS,AI,"₹ 26,250",Info Not Available
Assam,"Regional Dental Coll, Guwahati",BDS,AI,"₹ 31,000",Info Not Available
Pondicherry,"MG Dental Coll, Pondicherry",BDS,AI,"₹36,060*",Info Not Available
Himachal Pradesh,"Govt Dental Coll, Shimla",BDS,AI,"₹37,000*",Info Not Available
Odisha,"SCB Dental Coll, Cuttack",BDS,AI,"₹ 37,950",Info Not Available
Tripura,"Government Dental Coll, Agartala",BDS,AI,"₹42,000*",Info Not Available
Rajasthan,"RUHS Coll of Dental Sci,Jaipur",BDS,AI,"₹45,094*",Info Not Available
Haryana,"Govt Dental Coll, Rohtak",BDS,AI,"₹47,090*",Info Not Available
Karnataka,"Govt Dental Coll, Bellary",BDS,AI,"₹ 50,100",Info Not Available
Karnataka,"Govt Dental Coll, Bangalore",BDS,AI,"₹ 59,850",Info Not Available
Punjab,"Govt Dental Coll, Patiala",BDS,AI,"₹ 80,000",Info Not Available
Punjab,"Govt Dental Coll, Amritsar",BDS,AI,"₹ 80,000",Info Not Available
Madhya Pradesh,"Govt Coll of Dentistry, Indore",BDS,AI,"₹1,00,000*",Info Not Available
Karnataka,"ESIC Dental Coll, Gulbarga",BDS,AI,"₹ 1,10,100",Info Not Available
Maharashtra,"Govt Dental Coll, Aurangabad",BDS,AI,"₹1,24,300*",Info Not Available
Maharashtra,"Govt Dental Coll, Mumbai",BDS,AI,"₹1,24,300*",Info Not Available
Maharashtra,"Govt Dental Coll, Nagpur",BDS,AI,"₹1,24,300*",Info Not Available
Maharashtra,"Nair Hosp Dental Coll, Mumbai",BDS,AI,"₹1,24,300*",Info Not Available
Goa,"Govt Dental Coll, Goa",BDS,AI,"₹1,28,100*",Info Not Available
Bihar,Government Dental Coll Paithna,BDS,AI,-,Info Not Available
Delhi,"ESIC Dental Coll, New Delhi",BDS,AI,-,Info Not Available
Jammu and Kashmir,"Government Dental Coll, Srinagar",BDS,AI,-,Info Not Available
Delhi,"Maulana Azad IDS, New Delhi",BDS,AI,"₹1,45,000*",Info Not Available
Uttar Pradesh,"Dr ZA Dental Coll, AMU,Aligarh",BDS,AM,"₹ 36,000",Info Not Available
Uttar Pradesh,"Dr ZA Dental Coll, AMU,Aligarh",BDS,AMU NR,"₹ 28,80,000",Info Not Available
Uttar Pradesh,"Dr ZA Dental Coll, AMU,Aligarh",BDS,AMU SO,"₹ 36,000",Info Not Available
Uttar Pradesh,"IMS-Faculty of Dental, BHU",BDS,BHU SO,"₹ 36,000",Info Not Available
Delhi,"Maulana Azad IDS, New Delhi",BDS,DU,"₹2,400*",Info Not Available
Karnataka,"ESIC Dental Coll, Gulbarga",BDS,ES,"₹24,000*",Info Not Available
Delhi,"ESIC Dental Coll, New Delhi",BDS,IP,"₹60,000*",Info Not Available
Delhi,"Faculty of Dent,Jamial Millia",BDS,JI,"₹ 31,100",Info Not Available
Gujarat,"KM Shah Dental Coll, Vadadora",BDS,JAIN MIN,"₹28,00,000*",Info Not Available
Delhi,"Faculty of Dent,Jamial Millia",BDS,MJ,"₹ 31,100",Info Not Available
Delhi,"Faculty of Dent,Jamial Millia",BDS,Jamia SO,"₹ 31,100",Info Not Available
Karnataka,"Yenepoya Dental Coll, Yenepoya",BDS,MUSLIM MIN,"₹5,06,500*",Info Not Available
Uttar Pradesh,"Santosh Dental Coll, Ghaziabad",BDS,DEEMED PS,"₹ 62,500",Info Not Available
Haryana,"Manav Rachna Dental, Faridabad",BDS,DEEMED PS,"₹1,18,125*",Info Not Available
Karnataka,"Sri Siddhartha DentColl,Tumkur",BDS,DEEMED PS,"₹2,00,000*",Info Not Available
Pondicherry,"IG Inst Dental Sci,Pondicherry",BDS,DEEMED PS,"₹3,00,000*",Info Not Available
Karnataka,"KLE VK Inst of DentSci,Belgaum",BDS,DEEMED PS,"₹ 3,12,500",Info Not Available
Kerala,"Amrita SchoolofDentistry,Kochi",BDS,DEEMED PS,"₹3,50,000*",Info Not Available
Tamil Nadu,"SRM Dental Coll, Chennai",BDS,DEEMED PS,"₹3,90,000*",Info Not Available
Tamil Nadu,"SRM Katt DentColl,Kancheepuram",BDS,DEEMED PS,"₹3,90,333*",Info Not Available
Maharashtra,"BV Dental Coll, Sangli",BDS,DEEMED PS,"₹ 3,95,000",Info Not Available
Tamil Nadu,"Sree Balaji DentalColl,Chennai",BDS,DEEMED PS,"₹4,00,000*",Info Not Available
Karnataka,"Manipal Coll Dental, Manipal",BDS,DEEMED PS,"₹4,15,000*",Info Not Available
Maharashtra,"School of DentSci, KIMS, Karad",BDS,DEEMED PS,"₹4,25,000*",Info Not Available
Maharashtra,"Sharad Pawar Dent Coll, Wardha",BDS,DEEMED PS,"₹ 4,85,000",Info Not Available
Karnataka,"AB Shetty Mem IDS, Mangalore",BDS,DEEMED PS,"₹5,00,000*",Info Not Available
Maharashtra,"BVDU Dental Coll, Pune",BDS,DEEMED PS,"₹5,00,000*",Info Not Available
Tamil Nadu,"Meenakshi Ammal Dental,Chennai",BDS,DEEMED PS,"₹5,00,000*",Info Not Available
Karnataka,"Yenepoya Dental Coll, Yenepoya",BDS,DEEMED PS,"₹5,06,500*",Info Not Available
Karnataka,"JSS Dental Coll, Mysore",BDS,DEEMED PS,"₹5,22,900*",Info Not Available
Maharashtra,"BV Dental Coll, Navi Mumbai",BDS,DEEMED PS,"₹ 5,50,000",Info Not Available
Tamil Nadu,"Sri Ramachandra Dental,Chennai",BDS,DEEMED PS,"₹6,00,000*",Info Not Available
Maharashtra,"DYPatil Dent Coll, Navi Mumbai",BDS,DEEMED PS,"₹6,50,000*",Info Not Available
Maharashtra,"DY Patil Dental Coll, Pune",BDS,DEEMED PS,"₹6,50,000*",Info Not Available
Tamil Nadu,"Saveetha Dental Coll, Chennai",BDS,DEEMED PS,"₹ 8,50,000",Info Not Available
Maharashtra,"Rural Dental Coll, Loni",BDS,DEEMED PS,"₹ 17,50,000",Info Not Available
Gujarat,"KM Shah Dental Coll, Vadadora",BDS,DEEMED PS,"₹18,75,000*",Info Not Available
Odisha,"Kalinga IDS, Bhubaneswar",BDS,DEEMED PS,-,Info Not Available
Tamil Nadu,"Sathyabhama DentalColl,Chennai",BDS,DEEMED PS,-,Info Not Available
Tamil Nadu,"Thaimoogambigai Dental,Chennai",BDS,DEEMED PS,-,Info Not Available
Tamil Nadu,"VinayakaMissionsDentColl,Salem",BDS,DEEMED PS,-,Info Not Available
Karnataka,"Manipal Coll Dental, Mangalore",BDS,DEEMED PS,"₹3,69,000*",Info Not Available
Odisha,"Inst of Dental Sci,Bhubaneswar",BDS,DEEMED PS,"₹5,50,000*",Info Not Available
Haryana,"MM Coll Dental, Mullana,Ambala",BDS,DEEMED PS,"₹2,70,000*",Info Not Available
Delhi,"Faculty of Dent,Jamial Millia",BDS,MW,"₹ 31,100",Info Not Available
Maharashtra,"School of DentSci, KIMS, Karad",BDS,DEEMED NRI,"₹5,60,000*",Info Not Available
Karnataka,"Sri Siddhartha DentColl,Tumkur",BDS,DEEMED NRI,"₹7,00,000*",Info Not Available
Kerala,"Amrita SchoolofDentistry,Kochi",BDS,DEEMED NRI,"₹9,60,000*",Info Not Available
Karnataka,"KLE VK Inst of DentSci,Belgaum",BDS,DEEMED NRI,"₹ 10,00,000",Info Not Available
Karnataka,"JSS Dental Coll, Mysore",BDS,DEEMED NRI,"₹11,12,900*",Info Not Available
Maharashtra,"DYPatil Dent Coll, Navi Mumbai",BDS,DEEMED NRI,"₹13,60,000*",Info Not Available
Maharashtra,"DY Patil Dental Coll, Pune",BDS,DEEMED NRI,"₹13,60,000*",Info Not Available
Maharashtra,"BV Dental Coll, Sangli",BDS,DEEMED NRI,"₹ 16,24,000",Info Not Available
Maharashtra,"BVDU Dental Coll, Pune",BDS,DEEMED NRI,"₹16,24,000*",Info Not Available
Maharashtra,"BV Dental Coll, Navi Mumbai",BDS,DEEMED NRI,"₹ 17,60,000",Info Not Available
Haryana,"MM Coll Dental, Mullana,Ambala",BDS,DEEMED NRI,-,Info Not Available
Karnataka,"Yenepoya Dental Coll, Yenepoya",BDS,DEEMED NRI,"₹6,31,500*",Info Not Available
Delhi,"Maulana Azad IDS, New Delhi",BDS,DEL CW,"₹2,400*",Info Not Available